key,id,grade,supplier,title
0,0,2,Fleegle411,Norfolk Southern 1023 leading a Triple Crown Roadrailer past the brickyard crossing near Altoona PA
1,1,2,Fleegle411,NS 1023 leading a Triple Crown Roadrailer around the world famous Horseshoe Curve
2,2,2,Fleegle411,A Norfolk Southern Roadrailer passing MG tower near Horseshoe Curve
3,3,2,Fleegle411,NS 1023 leading a Triple Crown Roadrailer around the world famous Horseshoe Curve
4,4,1,Fleegle411,A Porter 0-4-0T with a string of mineral side dump cars in tow
5,5,1,Fleegle411,Boyd Lumber Co. Climax 2 heading up the mountain for another load of logs
6,6,1,Fleegle411,A Porter 0-4-0T with a string of mineral side dump cars in tow
7,7,1,Fleegle411,Boyd Lumber Co. Climax 2 heading up the mountain for another load of logs.
8,8,1,Fleegle411,Boyd Lumber Co. Climax 2 heading up the mountain for another load of logs.
9,9,1,Fleegle411,A Porter 0-4-0T with a string of mineral side dump cars in tow
10,10,2,PA1930,"CP 1521 crossing the Tavira's railway bridge, Portugal"
11,11,2,PA1930,"Coaster F40PH crossing the Tavira's railway bridge, Portugal"
12,12,2,PA1930,"BNSF freight train  crossing the Tavira's railway bridge, Portugal"
13,13,1,PA1930,"ƒåSD T466 working a short freight train, Czechoslovakia"
14,14,2,PA1930,ƒåD 380-005 working a EC train in the Czech Republic
15,15,2,PA1930,ZSSK 163-054 with the Ex 120 Ko≈°iƒçan in Slovakia
16,16,2,PA1930,"ƒåSD 387-030 ""Mik√°do"" steam loco with an express train, Czechoslovakia"
17,17,2,PA1930,"ƒåSD 498-022 with the ""K≈ô√≠voklat Express"", Czech Republic"
18,18,2,PA1930,"ƒåD 151-014 ""Po≈°tovka"" with a EC consisted of Slovak cars, in the Czech Republic"
19,19,2,PA1930,"CP 2600/2620 series hauling a container express to Sines, Portugal"
20,20,2,Gerald Storey,Clinch Valley
21,21,1,Gerald Storey,EOT
22,22,1,Gerald Storey,MOW Crane
23,23,1,Gerald Storey,Titan
24,24,2,Gerald Storey,WP on Redding Route
25,25,2,roeter,Busy scene at Los Angeles Metro Yard at midday : 17 MetroLink sets are waiting for their afternoon and evening duties.
26,26,1,RTP,Train RENFE 730 ALVIA Hybrid waiting to depart in Madrid-Chamartin
27,27,2,BB25187,Class CC72000 (and superelevation!) on the North-Brittany (France) route in the 80s 
28,28,2,BB25188,Class CC72000 on the North-Brittany route (France) in the 80s
29,29,2,BB25189,Morlaix (France) station in the 80s
30,30,2,BB25190,"Railcar and freight in Morlaix, North Brittany (France)"
31,31,2,BB25191,"Arrival in Plouaret, North Brittany (France)"
32,32,2,BB25192,Class BB67400 pushing a regional train near Marseille (France)
33,33,2,BB25193,"Class BB67400 pushing a regional train near Marseille (France), L'Estaques station "
34,34,2,BB25194,"""Turbotrain"" and so called ""Picasso"" railcar, somewhere in France in the 80s"
35,35,2,BB25195,"""Turbotrain"" and so called ""Picasso"" railcar, somewhere in France in the 80s"
36,36,2,BB25196,Freight train in Germany
37,37,2,CSantucci,Montebello on the Bernina freeware route
38,38,2,nicober,CPR_4-6-2_Royal Hudson_2860
39,39,2,nicober,CP_ES44AC_Electric Wind Turbine Carriage
40,40,1,nicober,"Quebec City Excursion Boat ""Duc d'Orleans"""
41,41,2,CSantucci,Pendolino on Recco Viaduct in Genova-Livorno route
42,42,2,JorD1,Belgian HLE11 departing Antwerp (Belgium)
43,43,2,JorD1,Ukranian 2ES10 loco hauling a Russian oil train (Ukraine)
44,44,2,JorD1,Czech Regioshark DMU (Czech republic)
45,45,2,JorD1,D285 Hook of Holland - Munich (Netherlands)
46,46,2,JorD1,Grain transport (Netherlands)
47,47,2,JorD1,Railjet on the famous Semmeringbahn (Austria)
48,48,2,JorD1,ICE-T tilting train (Germany)
49,49,2,eugenR,"Route Zuerich Romanshorn (Switzerland), Station Weinfelden with two Intercity and a Regionaltrain "
50,50,1,eugenR,"Restored Ae 6/6 Kanton ""URI"" (1952) on the upper Meienreuss Bridge on the Gotthard line (Switzerland)"
51,51,1,eugenR,Restored Locomotives Ce 6/8II (1919) outside the Kirchbergtunnel on the Gotthardbahn (Switzerland)
52,52,1,eugenR,"Restored Ae 6/6 Kanton ""URI"" (1952) on the middle Meienreuss Bridge on the Gotthard line (Switzerland)"
53,53,1,eugenR,Restored Locomotives Ce 6/8II (1919) outside the Kirchbergtunnel on the Gotthardbahn (Switzerland)
54,54,2,eugenR,"Route Gotthard II Flirt Regionaltrain south of Lugano (Switzerland) At left: Castell San Martino, at right: Monte BrË"
55,55,2,ATW,UP7964 leads ""K"" Liner on LSRC (Michigan)
56,56,3,VAPOR3D,465 departing from Castejon Station in VALLARIZASORIA Route
57,57,3,VAPOR3D,Civia 465 in Pe√±ota Station with doors open in Cercan√≠as Bilbao Route
58,58,2,ATW,UP7964 leads ""K"" Liner on LSRC (Michigan)
59,59,1,ATW,The Oil Cans on Surfliner 2
60,60,1,ATW,The Oil Cans on Surfliner 2
61,61,1,ATW,The Oil Cans on Surfliner 2
62,62,3,VAPOR3D,Civia 465 Cab 3d in Pe√±ota Station in Cercan√≠as Bilbao Route
63,63,1,ATW,The Oil Cans on Surfliner 2
64,64,3,zaza,MAV Class 424 - 3D cabview
65,65,3,zaza,"MAV 424,365 - On the turntable of Szolnok, Hungary"
66,66,3,zaza,"MAV 424,287 leaves Szolnok, Hungary, as a helper-loco"
67,67,3,zaza,"MAV 424,247 depart with a passenger train from Gyula, Hungary"
68,68,3,zaza,"MAV 424,287 waiting for its departure, Hungary"
69,69,3,zaza,"Express train in Hajduszolboszlo, Hungary, with BVmot class EMUs"
70,70,2,zaza,"Overtaking of a maintenance train, Hungary"
